,name,company,year,Price,kms_driven,fuel_type
0,Hyundai Santro Xing,Hyundai,2007,60000,45000,Petrol
1,Mahindra Jeep CL550,Mahindra,2006,425000,40,Diesel
2,Hyundai Grand i10,Hyundai,2014,225000,28000,Petrol
3,Ford EcoSport Titanium,Ford,2014,575000,36000,Diesel
4,Ford Figo,Ford,2012,145000,41000,Diesel
5,Hyundai Eon,Hyundai,2013,160000,25000,Petrol
6,Ford EcoSport Ambiente,Ford,2016,450000,24530,Diesel
7,Maruti Suzuki Alto,Maruti,2015,220000,60000,Petrol
8,Skoda Fabia Classic,Skoda,2010,182000,60000,Petrol
9,Maruti Suzuki Stingray,Maruti,2015,245600,30000,Petrol
10,Hyundai Elite i20,Hyundai,2014,339999,32000,Petrol
11,Mahindra Scorpio SLE,Mahindra,2015,752000,48660,Diesel
12,Hyundai Santro Xing,Hyundai,2007,80000,45000,Petrol
13,Mahindra Jeep CL550,Mahindra,2006,76000,40,Diesel
14,Audi A8,Audi,2017,4200000,4000,Petrol
15,Audi Q7,Audi,2014,1200000,16934,Diesel
16,Mahindra Scorpio S10,Mahindra,2016,1075000,43000,Diesel
17,Maruti Suzuki Alto,Maruti,2014,160000,35550,Petrol
18,Mahindra Scorpio S10,Mahindra,2016,1075000,43000,Diesel
19,Mahindra Scorpio S10,Mahindra,2016,1085000,39522,Diesel
20,Maruti Suzuki Alto,Maruti,2015,201000,39000,Petrol
21,Hyundai i20 Sportz,Hyundai,2012,205000,55000,Petrol
22,Hyundai i20 Sportz,Hyundai,2012,205000,55000,Petrol
23,Hyundai i20 Sportz,Hyundai,2012,205000,55000,Petrol
24,Maruti Suzuki Alto,Maruti,2017,250000,72000,Petrol
25,Maruti Suzuki Vitara,Maruti,2016,590000,15975,Diesel
26,Maruti Suzuki Alto,Maruti,2008,75000,70000,Petrol
27,Mahindra Bolero DI,Mahindra,2017,302000,23452,Diesel
28,Maruti Suzuki Swift,Maruti,2014,315000,35522,Diesel
29,Mahindra Scorpio S10,Mahindra,2015,620000,48508,Diesel
30,Maruti Suzuki Swift,Maruti,2017,320000,15487,Petrol
31,Maruti Suzuki Wagon,Maruti,2013,220000,39000,Petrol
32,Maruti Suzuki Wagon,Maruti,2013,210000,39000,Petrol
33,Toyota Innova 2.0,Toyota,2012,310000,82000,Diesel
34,Renault Lodgy 85,Renault,2018,430000,20000,Diesel
35,Skoda Yeti Ambition,Skoda,2012,448000,68000,Diesel
36,Maruti Suzuki Baleno,Maruti,2017,549000,32000,Diesel
37,Renault Duster 110,Renault,2012,501000,38000,Diesel
38,Renault Duster 85,Renault,2013,489999,27000,Diesel
39,Honda City 1.5,Honda,2011,230000,33000,Petrol
40,Maruti Suzuki Alto,Maruti,2015,250000,60000,Petrol
41,Maruti Suzuki Dzire,Maruti,2013,295000,46000,Diesel
42,Honda Amaze,Honda,2013,260000,46000,Diesel
43,Honda Amaze 1.5,Honda,2015,345000,36000,Diesel
44,Honda City,Honda,2015,350000,55000,Petrol
45,Datsun Redi GO,Datsun,2017,235000,16000,Petrol
46,Maruti Suzuki SX4,Maruti,2010,249999,36000,Petrol
47,Mitsubishi Pajero Sport,Mitsubishi,2015,1475000,47000,Diesel
48,Mahindra Bolero DI,Mahindra,2017,180000,23452,Diesel
49,Maruti Suzuki Swift,Maruti,2014,335000,35522,Diesel
50,Mahindra Scorpio S10,Mahindra,2015,520000,48508,Diesel
51,Maruti Suzuki Swift,Maruti,2017,330000,15487,Petrol
52,Maruti Suzuki Wagon,Maruti,2013,210000,39000,Petrol
53,Maruti Suzuki Wagon,Maruti,2013,205000,39000,Petrol
54,Mahindra Scorpio S10,Mahindra,2015,605000,35000,Diesel
55,Maruti Suzuki Swift,Maruti,2017,220000,30874,Petrol
56,Honda City ZX,Honda,2017,325000,15000,Diesel
57,Maruti Suzuki Wagon,Maruti,2013,85000,29685,Petrol
58,Ford Figo,Ford,2012,175000,41000,Diesel
59,Hyundai Eon,Hyundai,2013,190000,25000,Petrol
60,Tata Indigo eCS,Tata,2017,200000,130000,Diesel
61,Ford EcoSport Ambiente,Ford,2016,830000,24530,Diesel
62,Tata Indigo eCS,Tata,2017,200000,130000,Diesel
63,Mahindra Scorpio SLE,Mahindra,2012,300000,19000,Diesel
64,Volkswagen Polo Highline,Volkswagen,2014,315000,60000,Petrol
65,Skoda Fabia Classic,Skoda,2010,182000,60000,Petrol
66,Maruti Suzuki Stingray,Maruti,2015,315000,30000,Petrol
67,Chevrolet Spark LS,Chevrolet,2010,110000,41000,Petrol
68,Renault Duster 110PS,Renault,2012,501000,35000,Diesel
69,Honda City,Honda,2015,356000,54000,Petrol
70,Mini Cooper S,Mini,2013,1891111,13000,Petrol
71,Datsun Redi GO,Datsun,2017,235000,16000,Petrol
72,Skoda Fabia 1.2L,Skoda,2011,159500,38200,Diesel
73,Honda Amaze,Honda,2015,344999,22000,Petrol
74,Honda Amaze,Honda,2015,344999,22000,Petrol
75,Renault Duster,Renault,2014,449999,50000,Diesel
76,Mini Cooper S,Mini,2013,1891111,13500,Petrol
77,Mahindra Scorpio S4,Mahindra,2015,590000,30000,Diesel
78,Mahindra Scorpio VLX,Mahindra,2014,450000,50000,Diesel
79,Mahindra Quanto C8,Mahindra,2013,375000,20000,Diesel
80,Ford EcoSport,Ford,2017,450000,39000,Petrol
81,Honda Brio,Honda,2012,224999,30000,Petrol
82,Volkswagen Vento Highline,Volkswagen,2019,820000,3600,Diesel
83,Hyundai i20 Magna,Hyundai,2009,195000,32000,Petrol
84,Toyota Corolla Altis,Toyota,2010,351000,38000,Diesel
85,Hyundai Verna Transform,Hyundai,2008,160000,45000,Petrol
86,Toyota Corolla Altis,Toyota,2009,240000,35000,Petrol
87,Honda City 1.5,Honda,2005,75000,50000,Petrol
88,Hyundai Elite i20,Hyundai,2014,295000,32000,Petrol
89,Skoda Fabia 1.2L,Skoda,2011,155000,45863,Diesel
90,BMW 3 Series,BMW,2011,752000,60500,Petrol
91,Maruti Suzuki A,Maruti,2011,189500,12500,Petrol
92,Toyota Etios GD,Toyota,2013,259000,60000,Diesel
93,Ford Figo Diesel,Ford,2012,210000,35000,Diesel
94,Maruti Suzuki Swift,Maruti,2014,315000,35000,Petrol
95,Chevrolet Beat LT,Chevrolet,2012,135000,45000,Diesel
96,BMW 7 Series,BMW,2009,1450000,35000,Petrol
97,Mahindra XUV500 W8,Mahindra,2013,420000,38000,Diesel
98,Hyundai i10 Magna,Hyundai,2014,245000,18000,Petrol
99,Hyundai Verna Fluidic,Hyundai,2015,389000,35000,Diesel
100,Maruti Suzuki Swift,Maruti,2013,295000,13349,Petrol
101,Maruti Suzuki Ertiga,Maruti,2016,580000,29000,Petrol
102,Ford EcoSport Titanium,Ford,2014,550000,44000,Diesel
103,Maruti Suzuki Ertiga,Maruti,2016,572000,29000,Petrol
104,Maruti Suzuki Ertiga,Maruti,2013,410000,42000,Diesel
105,Maruti Suzuki Alto,Maruti,2012,155000,14000,Petrol
106,Hyundai Grand i10,Hyundai,2014,345000,49000,Diesel
107,Honda Amaze 1.2,Honda,2014,325000,42000,Petrol
108,Hyundai i20 Asta,Hyundai,2012,242000,36200,Diesel
109,Ford Figo Diesel,Ford,2014,242000,50000,Diesel
110,Maruti Suzuki Eeco,Maruti,2015,281100,55000,Petrol
111,Maruti Suzuki Ertiga,Maruti,2014,525000,45000,Petrol
112,Maruti Suzuki Esteem,Maruti,2007,69999,51000,Petrol
113,Maruti Suzuki Ritz,Maruti,2014,265200,19000,Petrol
114,Maruti Suzuki Dzire,Maruti,2009,145000,46000,Petrol
115,Maruti Suzuki Ritz,Maruti,2013,252000,33000,Diesel
116,Maruti Suzuki Swift,Maruti,2013,292000,13349,Petrol
117,Maruti Suzuki Dzire,Maruti,2015,335000,104000,Diesel
118,Toyota Etios Liva,Toyota,2014,236000,55000,Petrol
119,Hyundai i20 Sportz,Hyundai,2011,192000,33333,Diesel
120,Chevrolet Spark,Chevrolet,2012,135600,33600,Petrol
121,Maruti Suzuki Alto,Maruti,2017,292000,5600,Petrol
122,Nissan Micra XV,Nissan,2011,160000,41000,Petrol
123,Maruti Suzuki Swift,Maruti,2007,95000,70000,Petrol
124,Maruti Suzuki Alto,Maruti,2018,270000,7500,Petrol
125,Honda Amaze 1.5,Honda,2013,299000,45000,Diesel
126,Maruti Suzuki Alto,Maruti,2015,220000,38000,Petrol
127,Chevrolet Beat,Chevrolet,2015,150000,30000,Petrol
128,Toyota Corolla,Toyota,2009,245000,26000,Diesel
129,Honda City 1.5,Honda,2010,210500,35000,Petrol
130,Ford EcoSport Trend,Ford,2016,399999,24330,Diesel
131,Hyundai i20 Asta,Hyundai,2009,172000,65480,Petrol
132,Maruti Suzuki Swift,Maruti,2013,290000,41000,Petrol
133,Tata Indica V2,Tata,2006,74000,20000,Petrol
134,Hindustan Motors Ambassador,Hindustan,2000,45000,200000,Diesel
135,Toyota Corolla Altis,Toyota,2010,165000,70000,Petrol
136,Toyota Corolla Altis,Toyota,2012,256000,59000,Petrol
137,Toyota Innova 2.5,Toyota,2012,295000,99000,Diesel
138,Volkswagen Jetta Highline,Volkswagen,2014,699999,46000,Diesel
139,Volkswagen Polo Comfortline,Volkswagen,2015,330000,2800,Petrol
140,Volkswagen Polo,Volkswagen,2014,325666,32000,Petrol
141,Mahindra Scorpio,Mahindra,2015,550000,22000,Diesel
142,Renault Duster,Renault,2014,299000,50000,Diesel
143,Honda Amaze,Honda,2015,344999,22000,Petrol
144,Nissan Sunny,Nissan,2012,173000,45000,Petrol
145,Hyundai Elite i20,Hyundai,2018,499999,21000,Petrol
146,Renault Kwid,Renault,2016,228000,11000,Petrol
147,Renault Duster,Renault,2013,378000,41000,Diesel
148,Ford EcoSport,Ford,2017,489999,39000,Petrol
149,Renault Duster,Renault,2014,385000,50000,Diesel
150,Mahindra Scorpio VLX,Mahindra,2011,310000,66000,Diesel
151,Maruti Suzuki Alto,Maruti,2018,283000,3000,Petrol
152,Chevrolet Spark LT,Chevrolet,2010,85000,45000,Petrol
153,Datsun Redi GO,Datsun,2016,175600,7000,Petrol
154,Maruti Suzuki Swift,Maruti,2010,145000,38500,Diesel
155,Fiat Punto Emotion,Fiat,2012,145000,37200,Diesel
156,Maruti Suzuki Swift,Maruti,2010,144000,43200,Diesel
157,Toyota Etios GD,Toyota,2013,275000,24800,Petrol
158,Hyundai i20 Sportz,Hyundai,2014,240000,60000,Diesel
159,Hyundai i10 Sportz,Hyundai,2010,168000,45872,Petrol
160,Chevrolet Beat LT,Chevrolet,2011,150000,40000,Diesel
161,Chevrolet Beat LS,Chevrolet,2011,145000,45000,Diesel
162,Chevrolet Beat LT,Chevrolet,2012,147000,38000,Diesel
163,Mahindra Scorpio VLX,Mahindra,2014,535000,50000,Diesel
164,Tata Indigo CS,Tata,2011,85000,11400,Diesel
165,Toyota Corolla Altis,Toyota,2015,675300,42000,Petrol
166,Honda City 1.5,Honda,2014,345000,39000,Petrol
167,Maruti Suzuki Swift,Maruti,2011,175000,47000,Diesel
168,Hyundai Eon Era,Hyundai,2013,185000,27000,Petrol
169,Mahindra Scorpio S10,Mahindra,2015,580000,97200,Diesel
170,Mahindra XUV500,Mahindra,2014,410000,52000,Diesel
171,Honda Brio,Honda,2012,224999,30000,Petrol
172,Ford Fiesta,Ford,2011,211111,55000,Diesel
173,Honda Amaze,Honda,2013,284999,46000,Diesel
174,Honda City,Honda,2015,355555,30000,Diesel
175,Maruti Suzuki Wagon,Maruti,2012,199999,44000,Petrol
176,Honda City,Honda,2014,350000,45000,Diesel
177,Hyundai i20,Hyundai,2009,145000,31000,Petrol
178,Tata Indigo eCS,Tata,2016,320000,175430,Diesel
179,Hyundai Fluidic Verna,Hyundai,2015,410000,38000,Diesel
180,Mahindra Quanto C8,Mahindra,2013,340000,37000,Diesel
181,Fiat Petra ELX,Fiat,2008,75000,65000,Petrol
182,Skoda Fabia 1.2L,Skoda,2011,159500,38200,Diesel
183,Mini Cooper S,Mini,2013,1891111,13000,Petrol
184,Hyundai Santro Xing,Hyundai,2005,49000,7500,Petrol
185,Maruti Suzuki Ciaz,Maruti,2016,700000,3350,Petrol
186,Maruti Suzuki Zen,Maruti,2000,55000,60000,Petrol
187,Honda City,Honda,2015,448999,54000,Petrol
188,Hyundai Creta 1.6,Hyundai,2017,895000,32000,Petrol
189,Tata indigo ecs,Tata,2011,150000,24552,Diesel
190,Mahindra Scorpio SLX,Mahindra,2007,210000,75000,Diesel
191,Mahindra Scorpio SLE,Mahindra,2012,325000,62000,Diesel
192,Toyota Innova 2.5,Toyota,2006,172000,73000,Diesel
193,Maruti Suzuki Alto,Maruti,2011,145000,41000,Petrol
194,Maruti Suzuki Wagon,Maruti,2011,146000,35000,Petrol
195,Tata Nano Cx,Tata,2013,40000,2200,Petrol
196,Maruti Suzuki Alto,Maruti,2013,162000,39000,Petrol
197,Maruti Suzuki Wagon,Maruti,2009,92000,45000,Petrol
198,Maruti Suzuki Swift,Maruti,2006,93000,45000,Petrol
199,Tata Sumo Victa,Tata,2012,190000,65000,Diesel
200,MARUTI SUZUKI DESIRE,MARUTI,2016,365000,78252,LPG
201,Maruti Suzuki Wagon,Maruti,2010,140000,54870,Petrol
202,Maruti Suzuki Alto,Maruti,2010,135000,34580,Petrol
203,Volkswagen Passat Diesel,Volkswagen,2009,450000,97000,Diesel
204,Renault Scala RxL,Renault,2015,375000,25000,Diesel
205,Mahindra Quanto C8,Mahindra,2013,345000,20000,Diesel
206,Hyundai Grand i10,Hyundai,2014,245000,20000,Petrol
207,Hyundai i20 Active,Hyundai,2015,310000,18000,Petrol
208,Mahindra Xylo E4,Mahindra,2012,280000,35000,Diesel
209,Mahindra Jeep MM,Mahindra,2019,390000,600,Diesel
210,Renault Duster 110PS,Renault,2012,501000,35000,Diesel
211,Mahindra Bolero SLE,Mahindra,2013,330000,80200,Diesel
212,Force Motors Force,Force,2015,580000,3200,Diesel
213,Maruti Suzuki SX4,Maruti,2012,265000,46000,Diesel
214,Mahindra Jeep CL550,Mahindra,2019,305000,0,Diesel
215,Maruti Suzuki Alto,Maruti,2015,219000,5000,Petrol
216,Mahindra Jeep CL550,Mahindra,2018,300000,588,Diesel
217,Toyota Etios,Toyota,2011,215200,36000,Diesel
218,Volkswagen Polo,Volkswagen,2015,330000,38000,Diesel
219,Honda City ZX,Honda,2008,110000,45000,Petrol
220,Maruti Suzuki Wagon,Maruti,2006,65000,71200,Petrol
221,Honda City VX,Honda,2016,415000,52000,Diesel
222,Mahindra Thar CRDe,Mahindra,2016,510000,29000,Diesel
223,Mitsubishi Pajero Sport,Mitsubishi,2015,1200000,47000,Diesel
224,Audi A4 1.8,Audi,2009,699000,47000,Petrol
225,Mercedes Benz GLA,Mercedes,2015,2000000,20000,Diesel
226,Land Rover Freelander,Land,2015,2100000,30000,Diesel
227,Renault Kwid RXT,Renault,2017,340000,5000,Petrol
228,Tata Aria Pleasure,Tata,2014,390000,35000,Diesel
229,Mercedes Benz B,Mercedes,2014,1400000,31000,Petrol
230,Datsun GO T,Datsun,2016,245000,7000,Petrol
231,Tata Indigo eCS,Tata,2016,320000,175430,Diesel
232,Tata Indigo eCS,Tata,2016,320000,175400,Diesel
233,Honda Jazz VX,Honda,2016,450000,41000,Petrol
234,Honda Amaze 1.2,Honda,2014,311000,33000,Petrol
235,Honda Amaze,Honda,2013,284999,46000,Diesel
236,Honda City,Honda,2012,299999,45000,Petrol
237,Honda City,Honda,2015,355555,39000,Diesel
238,Honda Amaze,Honda,2015,344999,22000,Petrol
239,Audi A4 1.8,Audi,2009,699000,47000,Petrol
240,Force Motors Force,Force,2015,420000,3200,Diesel
241,Mahindra Scorpio S4,Mahindra,2015,550000,30000,Diesel
242,Hyundai i20 Active,Hyundai,2015,325000,37000,Diesel
243,Mini Cooper S,Mini,2013,1891111,13000,Petrol
244,Maruti Suzuki Ciaz,Maruti,2017,498200,14000,Petrol
245,Chevrolet Tavera Neo,Chevrolet,2013,315555,55000,Diesel
246,Honda Amaze,Honda,2013,284999,46000,Diesel
247,Hyundai Eon Sportz,Hyundai,2012,178000,30000,Petrol
248,Tata Sumo Gold,Tata,2013,300000,50000,Diesel
249,Maruti Suzuki Wagon,Maruti,2003,60000,45000,Petrol
250,Maruti Suzuki Esteem,Maruti,2006,86000,45000,Petrol
251,Maruti Suzuki Eeco,Maruti,2015,255000,9300,Petrol
252,Chevrolet Enjoy 1.4,Chevrolet,2013,245000,55000,Diesel
253,Hyundai i20 Asta,Hyundai,2012,239000,36200,Diesel
254,Ford Figo Diesel,Ford,2014,195000,50000,Diesel
255,Maruti Suzuki Eeco,Maruti,2015,251111,55000,Petrol
256,Maruti Suzuki Ertiga,Maruti,2014,529000,45000,Petrol
257,Maruti Suzuki Esteem,Maruti,2007,69999,51000,Petrol
258,Maruti Suzuki Ritz,Maruti,2014,299999,19000,Petrol
259,Maruti Suzuki Dzire,Maruti,2009,145000,46000,Petrol
260,Maruti Suzuki Ritz,Maruti,2013,267000,33000,Diesel
261,Maruti Suzuki SX4,Maruti,2010,219999,36000,Petrol
262,Maruti Suzuki Wagon,Maruti,2015,289999,22000,Petrol
263,Mini Cooper S,Mini,2013,1891111,13500,Petrol
264,Nissan Terrano XL,Nissan,2015,499999,60000,Diesel
265,Renault Duster 85,Renault,2013,355555,27000,Diesel
266,Renault Duster 85,Renault,2014,360000,59000,Diesel
267,Renault Duster 85,Renault,2015,372000,19000,Diesel
268,Maruti Suzuki Dzire,Maruti,2013,320000,30000,Petrol
269,Renault Kwid RXT,Renault,2018,325000,15000,Petrol
270,Maruti Suzuki Maruti,Maruti,2003,57000,56758,Petrol
271,Renault Kwid 1.0,Renault,2018,325000,10000,Petrol
272,Renault Lodgy 85,Renault,2018,510000,20000,Diesel
273,Renault Scala RxL,Renault,2014,349999,49000,Diesel
274,Hyundai Grand i10,Hyundai,2014,251400,41000,Petrol
275,Maruti Suzuki Swift,Maruti,2011,170000,45000,Petrol
276,Chevrolet Beat LS,Chevrolet,2010,120000,43000,Petrol
277,Tata Indigo eCS,Tata,2016,320000,175430,Diesel
278,Hyundai Santro Xing,Hyundai,2000,42000,56450,Petrol
279,Hyundai Fluidic Verna,Hyundai,2015,540000,38000,Diesel
280,Chevrolet Beat LS,Chevrolet,2010,80000,56000,Petrol
281,Mahindra Quanto C8,Mahindra,2013,340000,37000,Diesel
282,Fiat Petra ELX,Fiat,2008,75000,65000,Petrol
283,Chevrolet Beat LS,Chevrolet,2015,220000,32700,Petrol
284,Skoda Fabia 1.2L,Skoda,2011,159500,38200,Diesel
285,Ford EcoSport Titanium,Ford,2016,599000,30000,Diesel
286,Hyundai Accent GLX,Hyundai,2006,80000,56000,Petrol
287,Mahindra TUV300 T4,Mahindra,2016,675000,9000,Diesel
288,Mini Cooper S,Mini,2013,1891111,13000,Petrol
289,Mini Cooper S,Mini,2013,1891111,13000,Petrol
290,Tata Indica V2,Tata,2008,150000,11000,Petrol
291,Mini Cooper S,Mini,2013,1891111,13000,Petrol
292,Tata Indigo CS,Tata,2009,72500,46000,Diesel
293,Maruti Suzuki Swift,Maruti,2019,610000,73,Petrol
294,Mahindra Scorpio VLX,Mahindra,2004,230000,160000,Diesel
295,Honda Accord,Honda,2009,175000,58559,Petrol
296,Mahindra Scorpio S4,Mahindra,2015,555555,30000,Diesel
297,Chevrolet Tavera Neo,Chevrolet,2013,375000,55000,Diesel
298,Ford EcoSport Titanium,Ford,2014,520000,57000,Diesel
299,Maruti Suzuki Ertiga,Maruti,2015,524999,50000,Diesel
300,Honda Amaze,Honda,2014,299999,37000,Petrol
301,Maruti Suzuki Dzire,Maruti,2012,299999,40000,Petrol
302,Honda City,Honda,2011,284999,55000,Petrol
303,Mahindra Scorpio 2.6,Mahindra,2007,220000,170000,Diesel
304,Maruti Suzuki Dzire,Maruti,2014,345000,55000,Diesel
305,Honda City,Honda,2015,370000,39000,Petrol
306,Honda Mobilio,Honda,2014,345200,44000,Petrol
307,Toyota Corolla Altis,Toyota,2009,199999,65000,Petrol
308,Honda City,Honda,2014,364000,39000,Petrol
309,Skoda Laura,Skoda,2012,245000,44000,Diesel
310,Renault Duster,Renault,2015,456000,49000,Diesel
311,Maruti Suzuki Ertiga,Maruti,2018,678000,9000,Diesel
312,Maruti Suzuki Dzire,Maruti,2015,444999,45000,Diesel
313,Mahindra XUV500,Mahindra,2014,546000,47000,Diesel
314,Hyundai Verna Fluidic,Hyundai,2012,320000,40000,Diesel
315,Maruti Suzuki Vitara,Maruti,2016,615000,29000,Diesel
316,Maruti Suzuki Wagon,Maruti,2016,344999,15000,Petrol
317,Mahindra Scorpio,Mahindra,2015,555555,45000,Diesel
318,Honda Amaze,Honda,2014,345000,35000,Petrol
319,Mahindra XUV500,Mahindra,2013,450000,80000,Diesel
320,Mahindra Scorpio,Mahindra,2013,456000,68000,Diesel
321,Skoda Laura,Skoda,2013,374999,50000,Diesel
322,Volkswagen Polo,Volkswagen,2010,199999,60000,Diesel
323,Hyundai Elite i20,Hyundai,2016,325000,9000,Petrol
324,Tata Manza Aura,Tata,2012,130000,72000,Diesel
325,Chevrolet Sail UVA,Chevrolet,2013,210000,60000,Petrol
326,Renault Duster 110,Renault,2012,460000,38000,Diesel
327,Hyundai Verna Fluidic,Hyundai,2013,320000,45000,Diesel
328,Audi A4 2.0,Audi,2012,1350000,40000,Diesel
329,Hyundai Elantra SX,Hyundai,2013,456000,20000,Petrol
330,Mahindra Scorpio VLX,Mahindra,2013,460200,35000,Diesel
331,Mahindra KUV100 K8,Mahindra,2016,400000,20000,Diesel
332,Renault Scala RxL,Renault,2015,375000,25000,Diesel
333,Mahindra Quanto C8,Mahindra,2013,375000,20000,Diesel
334,Hyundai Grand i10,Hyundai,2014,365000,20000,Petrol
335,Hyundai i20 Active,Hyundai,2015,332000,18000,Petrol
336,Mahindra Xylo E4,Mahindra,2012,311111,35000,Diesel
337,Hyundai Grand i10,Hyundai,2017,370000,6821,Petrol
338,Hyundai i20,Hyundai,2014,325000,23000,Petrol
339,Hyundai Eon,Hyundai,2014,174999,14000,Petrol
340,Hyundai i10,Hyundai,2012,244999,38000,Petrol
341,Hyundai i20 Active,Hyundai,2015,345000,35000,Diesel
342,Datsun Redi GO,Datsun,2017,244999,22000,Petrol
343,Toyota Etios Liva,Toyota,2011,239999,41000,Petrol
344,Hyundai Accent,Hyundai,2010,99999,45000,Petrol
345,Hyundai Verna,Hyundai,2014,345666,44000,Diesel
346,Maruti Suzuki Swift,Maruti,2013,324999,45000,Diesel
347,Toyota Fortuner,Toyota,2011,1074999,52000,Diesel
348,Hyundai i10 Sportz,Hyundai,2012,230000,34000,Petrol
349,Mahindra Bolero Power,Mahindra,2018,699000,1800,Diesel
350,Mahindra XUV500,Mahindra,2015,550000,15000,Diesel
351,Honda City 1.5,Honda,2010,240000,400000,Petrol
352,Chevrolet Spark LT,Chevrolet,2009,110000,44000,Petrol
353,Mahindra Jeep MM,Mahindra,2019,390000,60,Diesel
354,Renault Duster 110PS,Renault,2012,501000,35000,Diesel
355,Mahindra XUV500,Mahindra,2016,521300,72000,Diesel
356,Tata Indigo eCS,Tata,2014,223333,40000,Diesel
357,Mahindra Bolero SLE,Mahindra,2013,330000,80200,Diesel
358,Force Motors Force,Force,2015,540000,3200,Diesel
359,Skoda Rapid Elegance,Skoda,2013,340000,48000,Diesel
360,Tata Vista Quadrajet,Tata,2011,120000,90000,Diesel
361,Maruti Suzuki Alto,Maruti,2015,265000,12000,Petrol
362,Maruti Suzuki SX4,Maruti,2012,265000,46000,Diesel
363,Maruti Suzuki Zen,Maruti,2003,48000,69900,Petrol
364,Mahindra Jeep CL550,Mahindra,2019,379000,0,Diesel
365,Hyundai i10 Magna,Hyundai,2011,175000,45000,Petrol
366,Maruti Suzuki Alto,Maruti,2015,219000,5000,Petrol
367,Maruti Suzuki Swift,Maruti,2016,350000,166000,Diesel
368,Honda City ZX,Honda,2008,149000,42000,Petrol
369,Mahindra Jeep CL550,Mahindra,2018,375222,588,Diesel
370,Mahindra Jeep MM,Mahindra,2006,425000,122,Diesel
371,Chevrolet Beat Diesel,Chevrolet,2017,150000,62000,Diesel
372,Honda City 1.5,Honda,2010,225000,70000,Petrol
373,Hyundai Verna 1.4,Hyundai,2014,375000,36000,Petrol
374,Toyota Innova 2.5,Toyota,2012,320000,0,Diesel
375,Maruti Suzuki Maruti,Maruti,1995,30000,55000,Petrol
376,Toyota Etios,Toyota,2011,275000,36000,Diesel
377,Volkswagen Polo,Volkswagen,2015,330000,38000,Diesel
378,Maruti Suzuki Swift,Maruti,2014,335000,55000,Diesel
379,Hyundai Elite i20,Hyundai,2015,450000,20000,Diesel
380,Maruti Suzuki Swift,Maruti,2012,280000,40000,Petrol
381,Maruti Suzuki Versa,Maruti,2004,80000,50000,Petrol
382,Tata Indigo LX,Tata,2016,130000,104000,Diesel
383,Volkswagen Vento Konekt,Volkswagen,2011,245000,65000,Diesel
384,Mercedes Benz C,Mercedes,2002,399000,41000,Petrol
385,Maruti Suzuki Ertiga,Maruti,2013,450000,90000,Diesel
386,Honda City,Honda,2000,47000,80000,Petrol
387,Hyundai Santro Xing,Hyundai,2006,75000,46000,Petrol
388,Maruti Suzuki Omni,Maruti,2001,62000,70000,Petrol
389,Hyundai Sonata Transform,Hyundai,2017,190000,36469,Diesel
390,Hyundai Elite i20,Hyundai,2018,392000,7800,Petrol
391,Volkswagen Vento Konekt,Volkswagen,2011,245000,65000,Diesel
392,Maruti Suzuki Alto,Maruti,2017,240000,60000,Petrol
393,Maruti Suzuki Alto,Maruti,2011,155000,32000,Petrol
394,Honda Jazz S,Honda,2009,169999,24695,Petrol
395,Hyundai Grand i10,Hyundai,2017,390000,15141,Petrol
396,Maruti Suzuki Zen,Maruti,2001,40000,40000,Petrol
397,Mahindra Scorpio W,Mahindra,2012,165000,65000,Diesel
398,Maruti Suzuki Alto,Maruti,2014,270000,22000,Petrol
399,Hyundai Grand i10,Hyundai,2016,280000,59910,Diesel
400,Mahindra XUV500 W8,Mahindra,2012,456300,100000,Diesel
401,Hyundai Creta 1.6,Hyundai,2016,710000,25000,Petrol
402,Hyundai i20 Magna,Hyundai,2013,310000,35000,Petrol
403,Renault Duster 85,Renault,2015,433333,65000,Diesel
404,Hyundai Grand i10,Hyundai,2014,340000,35000,Petrol
405,Honda Brio V,Honda,2012,235000,33000,Petrol
406,Mahindra TUV300 T4,Mahindra,2017,460000,68000,Diesel
407,Chevrolet Spark LS,Chevrolet,2010,95000,23000,Petrol
408,Mahindra TUV300 T8,Mahindra,2018,800000,4500,Diesel
409,Maruti Suzuki Swift,Maruti,2015,220000,129000,Diesel
410,Nissan X Trail,Nissan,2019,1200000,300,Diesel
411,Maruti Suzuki Alto,Maruti,2015,230000,5000,Petrol
412,Ford Ikon 1.3,Ford,2001,45000,65000,Petrol
413,Toyota Fortuner 3.0,Toyota,2010,940000,131000,Diesel
414,Tata Manza ELAN,Tata,2010,155555,111111,Petrol
415,Mercedes Benz A,Mercedes,2013,1500000,14000,Petrol
416,Chevrolet Beat LS,Chevrolet,2016,210000,22000,Diesel
417,Ford EcoSport Trend,Ford,2013,350000,38000,Diesel
418,Tata Indigo LS,Tata,2016,125000,70000,Diesel
419,Hyundai i20 Magna,Hyundai,2010,195000,36000,Petrol
420,Volkswagen Vento Highline,Volkswagen,2015,550000,34000,Diesel
421,Renault Kwid RXT,Renault,2015,270000,43000,Petrol
422,Ford EcoSport Titanium,Ford,2014,356100,40000,Diesel
423,Honda Amaze 1.5,Honda,2016,240000,160000,Diesel
424,Hyundai Verna 1.6,Hyundai,2017,589999,12000,Petrol
425,BMW 5 Series,BMW,2011,1299000,49000,Diesel
426,Skoda Superb 1.8,Skoda,2011,410000,68000,Petrol
427,Audi Q3 2.0,Audi,2013,1499000,37000,Diesel
428,Mahindra Bolero DI,Mahindra,2012,220000,59466,Diesel
429,Mahindra Scorpio S10,Mahindra,2015,555555,97200,Diesel
430,Ford Figo Duratorq,Ford,2012,250000,99000,Diesel
431,Maruti Suzuki Wagon,Maruti,2018,395000,25500,Petrol
432,Mahindra Logan Diesel,Mahindra,2009,130000,66000,Petrol
433,Tata Nano GenX,Tata,2010,32000,44005,Petrol
434,Mahindra TUV300 T4,Mahindra,2016,540000,35000,Diesel
435,Mahindra TUV300 T4,Mahindra,2016,540000,35000,Diesel
436,Hyundai Elite i20,Hyundai,2015,405000,28000,Petrol
437,Hyundai Elite i20,Hyundai,2015,400000,30000,Petrol
438,Honda City SV,Honda,2017,605000,4000,Petrol
439,Maruti Suzuki Baleno,Maruti,2016,500000,28000,Petrol
440,Ford Figo Petrol,Ford,2011,175000,75000,Petrol
441,Mahindra Scorpio S10,Mahindra,2015,555555,97200,Diesel
442,Honda City,Honda,2017,600000,3000,Petrol
443,Hyundai Elite i20,Hyundai,2015,419000,20000,Petrol
444,Maruti Suzuki Versa,Maruti,2004,90000,50000,Petrol
445,Hyundai Eon Era,Hyundai,2018,140000,2110,Petrol
446,Mitsubishi Pajero Sport,Mitsubishi,2015,1540000,43222,Petrol
447,Hyundai i10 Magna,Hyundai,2008,95000,100200,Petrol
448,Toyota Corolla H2,Toyota,2003,150000,100000,Petrol
449,Maruti Suzuki Swift,Maruti,2011,170000,65,Petrol
450,Tata Indigo CS,Tata,2015,123000,100000,Diesel
451,Mahindra Scorpio S10,Mahindra,2015,560000,97200,Diesel
452,Mahindra Scorpio S10,Mahindra,2015,560000,97200,Diesel
453,Hyundai Xcent Base,Hyundai,2016,300000,140000,Diesel
454,Honda City,Honda,2015,369000,55000,Petrol
455,Hyundai Accent Executive,Hyundai,2009,165000,48000,Petrol
456,Maruti Suzuki Baleno,Maruti,2016,498000,22000,Petrol
457,Tata Zest XE,Tata,2018,480000,103553,Diesel
458,Maruti Suzuki Dzire,Maruti,2017,489000,80000,Diesel
459,Tata Sumo Gold,Tata,2014,250000,99000,Diesel
460,Toyota Corolla Altis,Toyota,2010,220000,58000,Petrol
461,Maruti Suzuki Eeco,Maruti,2013,290000,70000,LPG
462,Toyota Fortuner 3.0,Toyota,2015,1525000,120000,Diesel
463,Mahindra XUV500 W6,Mahindra,2013,548900,49800,Diesel
464,Tata Tigor Revotron,Tata,2019,650000,100,Diesel
465,Maruti Suzuki 800,Maruti,2001,55000,81876,Petrol
466,Maruti Suzuki Ertiga,Maruti,2015,550000,75000,Petrol
467,Maruti Suzuki Versa,Maruti,2004,90000,50000,Petrol
468,Honda Mobilio S,Honda,2014,399000,44000,Diesel
469,Maruti Suzuki Ertiga,Maruti,2016,620000,55000,Diesel
470,Maruti Suzuki Vitara,Maruti,2017,630000,36000,Diesel
471,Hyundai Verna 1.6,Hyundai,2016,366666,56000,Diesel
472,Maruti Suzuki Swift,Maruti,2007,130000,62000,Petrol
473,Toyota Fortuner 3.0,Toyota,2015,1525000,120000,Diesel
474,Maruti Suzuki Omni,Maruti,2014,190000,6020,Petrol
475,Honda Amaze,Honda,2013,250000,55700,Diesel
476,Tata Indica,Tata,2005,80000,42000,Petrol
477,Hyundai Santro Xing,Hyundai,2003,120000,50000,Petrol
478,Maruti Suzuki Zen,Maruti,2010,149000,35000,Petrol
479,Maruti Suzuki Wagon,Maruti,2014,250000,18500,Petrol
480,Maruti Suzuki Wagon,Maruti,2007,120000,7000,Petrol
481,Honda Brio VX,Honda,2017,450000,11000,Petrol
482,Maruti Suzuki Zen,Maruti,2003,65555,53000,Petrol
483,Maruti Suzuki Zen,Maruti,2008,135000,23000,Petrol
484,Maruti Suzuki Wagon,Maruti,2016,225000,35500,Diesel
485,Maruti Suzuki Alto,Maruti,2010,99000,22134,Petrol
486,Renault Kwid RXT,Renault,2019,370000,1000,Petrol
487,Tata Nano Lx,Tata,2010,52000,9000,Petrol
488,Jaguar XE XE,Jaguar,2016,2800000,8500,Petrol
489,Hyundai Eon Magna,Hyundai,2014,190000,35000,Petrol
490,Honda City 1.5,Honda,2014,345555,22000,Petrol
491,Hindustan Motors Ambassador,Hindustan,2002,55555,25000,Diesel
492,Maruti Suzuki Ritz,Maruti,2010,149000,40000,Petrol
493,Hyundai Grand i10,Hyundai,2017,322222,20000,Petrol
494,Hyundai Eon D,Hyundai,2016,120000,87000,Petrol
495,Maruti Suzuki Swift,Maruti,2015,345666,55000,Petrol
496,Maruti Suzuki Wagon,Maruti,2017,345555,23000,Petrol
497,Honda Amaze 1.2,Honda,2014,381000,6000,Petrol
498,Maruti Suzuki Estilo,Maruti,2013,180000,65000,Petrol
499,Maruti Suzuki Vitara,Maruti,2016,580000,25000,Diesel
500,Maruti Suzuki Eeco,Maruti,2015,278000,39000,Petrol
501,Hyundai Creta 1.6,Hyundai,2016,555555,8000,Petrol
502,Mahindra Scorpio Vlx,Mahindra,2013,322222,75000,Diesel
503,Maruti Suzuki Ertiga,Maruti,2012,422220,51000,Diesel
504,Mitsubishi Lancer 1.8,Mitsubishi,2006,85000,50000,Petrol
505,Maruti Suzuki Maruti,Maruti,2001,40000,75000,Petrol
506,Maruti Suzuki Alto,Maruti,2015,220000,55800,Petrol
507,Hyundai Grand i10,Hyundai,2015,340000,53000,Petrol
508,Hyundai Eon D,Hyundai,2018,260000,25000,Petrol
509,Ford Fiesta SXi,Ford,2009,250000,56400,Petrol
510,Maruti Suzuki Ritz,Maruti,2010,180000,72160,Diesel
511,Hyundai Verna Fluidic,Hyundai,2012,350000,10000,Diesel
512,Maruti Suzuki Wagon,Maruti,2006,90001,48000,Petrol
513,Maruti Suzuki Estilo,Maruti,2007,115000,36000,Petrol
514,Audi A6 2.0,Audi,2012,1599000,11500,Diesel
515,Maruti Suzuki Wagon,Maruti,2003,62000,133000,Petrol
516,Maruti Suzuki Wagon,Maruti,2009,92222,27000,Petrol
517,Maruti Suzuki Wagon,Maruti,2009,92222,35000,Petrol
518,Maruti Suzuki Alto,Maruti,2010,110000,55000,Petrol
519,Maruti Suzuki Baleno,Maruti,2016,425000,40000,Petrol
520,Hyundai Verna 1.6,Hyundai,2019,670000,2000,Petrol
521,Maruti Suzuki Swift,Maruti,2009,125000,45000,Petrol
522,Hyundai Getz Prime,Hyundai,2009,110000,20000,Petrol
523,Hyundai Santro,Hyundai,2000,51999,88000,Petrol
524,Hyundai Getz Prime,Hyundai,2009,115000,20000,Petrol
525,Chevrolet Beat PS,Chevrolet,2012,215000,65422,Diesel
526,Ford EcoSport Trend,Ford,2017,580000,10000,Petrol
527,Maruti Suzuki Dzire,Maruti,2013,320000,35000,Petrol
528,Hyundai Fluidic Verna,Hyundai,2013,350000,117000,Diesel
529,Tata Indica V2,Tata,2005,65200,150000,Diesel
530,BMW X1 xDrive20d,BMW,2011,110000,72000,Diesel
531,Hyundai i20 Asta,Hyundai,2010,200000,10750,Petrol
532,Honda City 1.5,Honda,2009,146000,55000,Petrol
533,Tata Nano,Tata,2013,60000,6800,Petrol
534,Chevrolet Cruze LTZ,Chevrolet,2014,410000,41000,Diesel
535,Hyundai Verna Fluidic,Hyundai,2015,430000,73000,Diesel
536,Maruti Suzuki Swift,Maruti,2011,140000,65000,Diesel
537,Mahindra XUV500 W6,Mahindra,2014,460000,45000,Diesel
538,Mahindra XUV500 W10,Mahindra,2018,569000,40000,Diesel
539,Maruti Suzuki Alto,Maruti,2014,199000,37000,Petrol
540,Hyundai Accent GLE,Hyundai,2006,90000,55000,Petrol
541,Force Motors One,Force,2013,550000,140000,Diesel
542,Maruti Suzuki Alto,Maruti,2019,265000,9800,Petrol
543,Chevrolet Spark 1.0,Chevrolet,2011,100000,27000,Petrol
544,Hyundai i10,Hyundai,2009,215000,27000,Petrol
545,Toyota Etios Liva,Toyota,2012,380000,20000,Diesel
546,Renault Duster 85PS,Renault,2013,401919,57923,Diesel
547,Chevrolet Enjoy,Chevrolet,2014,420000,30201,Diesel
548,Maruti Suzuki Alto,Maruti,2017,280000,6200,Petrol
549,BMW 5 Series,BMW,2009,650000,37518,Petrol
550,Toyota Etios Liva,Toyota,2014,160000,24652,Petrol
551,Mahindra Jeep MM,Mahindra,2004,424000,383,Diesel
552,Chevrolet Beat LS,Chevrolet,2016,225000,95000,Diesel
553,Chevrolet Cruze LTZ,Chevrolet,2011,350000,35000,Diesel
554,Jeep Wrangler Unlimited,Jeep,2015,950000,3528,Diesel
555,Maruti Suzuki Ertiga,Maruti,2013,485000,52500,Diesel
556,Hyundai Verna VGT,Hyundai,2010,205000,47900,Diesel
557,Maruti Suzuki Omni,Maruti,2012,125000,14000,Petrol
558,Maruti Suzuki Celerio,Maruti,2018,310000,37000,Petrol
559,Tata Zest Quadrajet,Tata,2017,180000,90000,Diesel
560,Mahindra XUV500 W6,Mahindra,2013,450000,52800,Diesel
561,Tata Indigo CS,Tata,2016,150000,104000,Diesel
562,Hyundai i10 Era,Hyundai,2011,175000,30000,Petrol
563,Tata Indigo eCS,Tata,2014,95000,195000,Diesel
564,Tata Indigo LX,Tata,2016,230000,104000,Diesel
565,Tata Indigo eCS,Tata,2016,230000,104000,Diesel
566,Tata Indigo Marina,Tata,2004,180000,70000,Diesel
567,Hyundai Xcent SX,Hyundai,2015,400000,43000,Diesel
568,Hyundai Eon Magna,Hyundai,2013,185000,23000,Petrol
569,Renault Duster 85,Renault,2015,385000,51000,Diesel
570,Maruti Suzuki Alto,Maruti,2009,90000,62000,Petrol
571,Tata Nano LX,Tata,2010,32000,48008,Petrol
572,Renault Duster 110,Renault,2013,435000,39000,Diesel
573,Maruti Suzuki Wagon,Maruti,2010,140000,40000,Petrol
574,Maruti Suzuki Swift,Maruti,2006,90000,48247,Petrol
575,Maruti Suzuki Ertiga,Maruti,2012,389700,39000,Diesel
576,Maruti Suzuki Swift,Maruti,2014,305000,23000,Petrol
577,Maruti Suzuki Alto,Maruti,2017,300000,9400,Petrol
578,Hyundai i20 Magna,Hyundai,2010,210000,50000,Petrol
579,Hyundai i10 Magna,Hyundai,2009,170000,75000,Petrol
580,Tata Zest XE,Tata,2017,250000,70000,Diesel
581,Mahindra Xylo E8,Mahindra,2009,295000,64000,Diesel
582,Toyota Corolla Altis,Toyota,2010,185000,55000,Petrol
583,Tata Manza Aqua,Tata,2014,160000,200000,Diesel
584,Renault Kwid 1.0,Renault,2018,290000,2137,Petrol
585,Tata Venture EX,Tata,2013,100000,30000,Diesel
586,Maruti Suzuki Swift,Maruti,2014,315000,44000,Petrol
587,Skoda Octavia Classic,Skoda,2006,114990,65000,Diesel
588,Maruti Suzuki Omni,Maruti,2012,120000,160000,LPG
589,Chevrolet Beat Diesel,Chevrolet,2011,125000,56000,Diesel
590,Tata Sumo Gold,Tata,2012,210000,75000,Diesel
591,Hyundai Verna 1.6,Hyundai,2018,600000,42000,Diesel
592,Tata Sumo Gold,Tata,2012,210000,75000,Diesel
593,Mahindra Scorpio 2.6,Mahindra,2007,196000,56000,Diesel
594,Maruti Suzuki Zen,Maruti,2002,95000,10544,Petrol
595,Maruti Suzuki Swift,Maruti,2011,180000,64000,Petrol
596,Mahindra Scorpio SLX,Mahindra,2008,196000,70000,Diesel
597,Hyundai Grand i10,Hyundai,2014,299999,25000,Petrol
598,Hyundai Elite i20,Hyundai,2017,380000,15000,Petrol
599,Ford Ikon 1.6,Ford,2003,60000,50000,Petrol
600,Toyota Innova 2.5,Toyota,2011,299999,147000,Diesel
601,Nissan Sunny XL,Nissan,2011,230000,52000,Petrol
602,Chevrolet Beat LT,Chevrolet,2012,130000,90001,Diesel
603,Maruti Suzuki Alto,Maruti,2017,270000,21000,Petrol
604,Maruti Suzuki Swift,Maruti,2012,250000,48006,Diesel
605,Maruti Suzuki Swift,Maruti,2012,250000,48006,Diesel
606,Maruti Suzuki Swift,Maruti,2012,246666,48006,Diesel
607,Toyota Innova 2.0,Toyota,2012,291000,80000,Diesel
608,Maruti Suzuki Swift,Maruti,2010,135000,74000,Diesel
609,Hyundai Elite i20,Hyundai,2015,340000,22000,Petrol
610,Mahindra XUV500 W10,Mahindra,2016,510000,41000,Diesel
611,Volkswagen Polo Trendline,Volkswagen,2015,350000,25000,Diesel
612,Toyota Etios Liva,Toyota,2012,350000,85000,Diesel
613,Mahindra TUV300 T4,Mahindra,2016,540000,29500,Diesel
614,Hyundai Elite i20,Hyundai,2015,470000,30000,Petrol
615,Hyundai Santro Xing,Hyundai,2014,179000,57000,Petrol
616,Maruti Suzuki Zen,Maruti,2003,48000,60000,Petrol
617,Maruti Suzuki Ciaz,Maruti,2016,512000,50000,Petrol
618,Hyundai Eon Era,Hyundai,2013,190000,39700,Petrol
619,Hyundai Elantra 1.8,Hyundai,2012,353000,65000,Petrol
620,Maruti Suzuki Swift,Maruti,2010,270000,67000,Diesel
621,Maruti Suzuki Zen,Maruti,2008,125000,46000,Petrol
622,Hyundai Eon Era,Hyundai,2012,188000,38000,Petrol
623,Hyundai Grand i10,Hyundai,2016,380000,27000,Petrol
624,Hyundai Verna Fluidic,Hyundai,2011,260000,43000,Diesel
625,Ford EcoSport Trend,Ford,2014,350000,47000,Petrol
626,Hyundai i20 Magna,Hyundai,2011,240000,42000,Petrol
627,Chevrolet Beat Diesel,Chevrolet,2016,179999,19336,Diesel
628,Tata Indica eV2,Tata,2015,140000,60105,Diesel
629,Jaguar XF 2.2,Jaguar,2013,2190000,29000,Diesel
630,Audi Q5 2.0,Audi,2014,2390000,34000,Diesel
631,BMW 3 Series,BMW,2011,1075000,35000,Diesel
632,Maruti Suzuki Swift,Maruti,2015,340000,22000,Petrol
633,BMW X1 sDrive20d,BMW,2012,1025000,41000,Diesel
634,Maruti Suzuki S,Maruti,2016,615000,21000,Diesel
635,Maruti Suzuki Ertiga,Maruti,2013,432000,48000,Diesel
636,Maruti Suzuki Alto,Maruti,2016,270000,38000,Petrol
637,Honda City SV,Honda,2014,320000,34000,Diesel
638,Volkswagen Vento Comfortline,Volkswagen,2011,240000,45933,Petrol
639,Honda City 1.5,Honda,2005,120000,68000,Petrol
640,Audi A4 2.0,Audi,2016,1900000,44000,Diesel
641,Mahindra KUV100,Mahindra,2017,360000,35000,Diesel
642,Tata Zest XE,Tata,2018,450000,102563,Diesel
643,Mahindra XUV500 W8,Mahindra,2015,500000,28600,Diesel
644,Maruti Suzuki Swift,Maruti,2017,420000,41800,Diesel
645,Tata Sumo Gold,Tata,2014,275000,116000,Diesel
646,Maruti Suzuki Swift,Maruti,2009,210000,59000,Petrol
647,Mahindra Scorpio 2.6,Mahindra,2004,175000,58000,Diesel
648,Maruti Suzuki Omni,Maruti,2009,85000,45000,Petrol
649,Mitsubishi Pajero Sport,Mitsubishi,2015,1490000,42590,Diesel
650,Renault Duster,Renault,2014,510000,7400,Diesel
651,Volkswagen Jetta Comfortline,Volkswagen,2009,450000,54500,Diesel
652,Maruti Suzuki Ertiga,Maruti,2012,410000,200000,Diesel
653,Audi A4 2.0,Audi,2013,1510000,27000,Diesel
654,Volvo S80 Summum,Volvo,2015,1850000,42000,Diesel
655,Toyota Corolla Altis,Toyota,2014,790000,29000,Petrol
656,Mitsubishi Pajero Sport,Mitsubishi,2015,1725000,37000,Diesel
657,Chevrolet Beat LT,Chevrolet,2012,135000,36000,Petrol
658,BMW X1,BMW,2011,1000000,34000,Diesel
659,Datsun Redi GO,Datsun,2018,299999,7000,Petrol
660,Mercedes Benz C,Mercedes,2009,1225000,76000,Diesel
661,Mahindra Scorpio SLX,Mahindra,2004,175000,60000,Diesel
662,Volkswagen Vento Comfortline,Volkswagen,2011,200000,95000,Diesel
663,Tata Indigo CS,Tata,2017,270000,50000,Diesel
664,Ford Figo Petrol,Ford,2019,525000,0,Petrol
665,Honda City ZX,Honda,2006,180000,50000,Petrol
666,Maruti Suzuki Wagon,Maruti,2008,120000,68000,Petrol
667,Ford EcoSport Trend,Ford,2014,400000,16000,Petrol
668,Maruti Suzuki Swift,Maruti,2016,356000,51000,Diesel
669,Maruti Suzuki Omni,Maruti,2009,85000,56000,Petrol
670,Maruti Suzuki Zen,Maruti,2004,70000,100000,Petrol
671,Renault Duster RxL,Renault,2015,550000,36000,Petrol
672,Maruti Suzuki Swift,Maruti,2014,292000,11523,Petrol
673,Maruti Suzuki Baleno,Maruti,2018,580000,1000,Petrol
674,Honda WR V,Honda,2009,250000,60000,Petrol
675,Tata Indigo CS,Tata,2016,110000,85000,Diesel
676,Renault Duster 110,Renault,2013,410000,38600,Diesel
677,Mahindra Scorpio LX,Mahindra,2009,190000,95500,Diesel
678,Maruti Suzuki Zen,Maruti,2004,68000,56000,Petrol
679,Maruti Suzuki Wagon,Maruti,2014,130000,37458,Petrol
680,Maruti Suzuki SX4,Maruti,2016,593333,85960,Diesel
681,Audi A3 Cabriolet,Audi,2015,1999999,12516,Petrol
682,Hyundai Eon D,Hyundai,2018,280000,35000,Petrol
683,Maruti Suzuki Zen,Maruti,2009,125000,0,Petrol
684,Mahindra Scorpio SLX,Mahindra,2008,285000,80000,Diesel
685,Hyundai Santro AE,Hyundai,2011,165000,45000,Petrol
686,Maruti Suzuki Swift,Maruti,2009,188888,51000,Diesel
687,Mahindra Scorpio S4,Mahindra,2015,555555,30000,Diesel
688,Mahindra Xylo D2,Mahindra,2011,390000,48000,Diesel
689,Hyundai Santro,Hyundai,2003,60000,51000,Petrol
690,Chevrolet Beat LT,Chevrolet,2015,215000,90000,Diesel
691,Maruti Suzuki Swift,Maruti,2015,475000,43000,Diesel
692,Mahindra XUV500 W8,Mahindra,2015,460000,53000,Diesel
693,Toyota Fortuner 3.0,Toyota,2013,1499000,97000,Diesel
694,Maruti Suzuki Alto,Maruti,2013,240000,20000,Petrol
695,Hyundai Getz GLE,Hyundai,2007,99000,55000,Petrol
696,Maruti Suzuki Swift,Maruti,2014,260000,120000,Diesel
697,Hyundai Creta 1.6,Hyundai,2019,700000,0,Petrol
698,Hyundai Santro Xing,Hyundai,2007,115000,46000,Petrol
699,Hyundai Santro Xing,Hyundai,2009,88000,43200,Petrol
700,Mahindra Xylo D2,Mahindra,2011,390000,56000,Diesel
701,Hyundai Santro Xing,Hyundai,2007,135000,42000,Petrol
702,Tata Indica V2,Tata,2009,90000,30600,Diesel
703,Hyundai i10 Sportz,Hyundai,2011,220000,38000,Petrol
704,Hyundai Grand i10,Hyundai,2017,360000,2550,Petrol
705,Hyundai Santro Xing,Hyundai,2007,135000,47000,Petrol
706,Honda City 1.5,Honda,2005,95000,41000,Petrol
707,Nissan Micra XL,Nissan,2017,430000,62500,Diesel
708,Honda City 1.5,Honda,2005,115000,68000,Petrol
709,Maruti Suzuki Alto,Maruti,2015,215000,50000,Petrol
710,Maruti Suzuki Wagon,Maruti,2004,53000,69000,Petrol
711,Maruti Suzuki Ertiga,Maruti,2012,340000,48000,Diesel
712,Tata Indica eV2,Tata,2012,85000,55000,Diesel
713,Maruti Suzuki Omni,Maruti,2013,165000,25000,Petrol
714,Hyundai Eon Era,Hyundai,2014,200000,28400,Petrol
715,Hyundai Eon,Hyundai,2014,200000,28000,Petrol
716,Maruti Suzuki Swift,Maruti,2015,340000,42000,Diesel
717,Hyundai Verna 1.6,Hyundai,2012,321000,29000,Diesel
718,Chevrolet Tavera LS,Chevrolet,2005,130000,68485,Diesel
719,Tata Tiago Revotron,Tata,2018,430000,3500,Petrol
720,Tata Tiago Revotorq,Tata,2019,568500,0,Petrol
721,Maruti Suzuki Zen,Maruti,2006,71000,32000,Petrol
722,Mahindra KUV100 K8,Mahindra,2018,560000,8000,Diesel
723,Ford EcoSport Titanium,Ford,2014,590000,34000,Diesel
724,Hindustan Motors Ambassador,Hindustan,1995,41000,37000,Petrol
725,Ford Fusion 1.4,Ford,2007,125000,85455,Diesel
726,Hyundai Santro Xing,Hyundai,2007,135000,46000,Petrol
727,Hyundai Santro,Hyundai,2002,60000,47000,Petrol
728,Fiat Linea Emotion,Fiat,2009,120000,64000,Petrol
729,Ford Ikon 1.3,Ford,2008,95000,46000,Petrol
730,Maruti Suzuki Omni,Maruti,2017,240000,8000,Petrol
731,Tata Indica V2,Tata,2012,115000,64000,Diesel
732,Mahindra Scorpio S4,Mahindra,2015,541000,63000,Diesel
733,Hyundai Santro Xing,Hyundai,2007,55000,65000,Petrol
734,Mahindra Xylo D2,Mahindra,2009,300000,62000,Diesel
735,Hyundai Grand i10,Hyundai,2014,320000,41000,Petrol
736,Maruti Suzuki Alto,Maruti,2015,265000,14000,Petrol
737,Toyota Corolla,Toyota,2006,160000,40000,Petrol
738,Hyundai Eon Magna,Hyundai,2017,300000,1600,Petrol
739,Tata Sumo Grande,Tata,2010,130000,90000,Diesel
740,Maruti Suzuki Swift,Maruti,2011,156000,58000,Diesel
741,Volkswagen Polo Highline1.2L,Volkswagen,2013,380000,27000,Petrol
742,Maruti Suzuki Alto,Maruti,2003,42000,60000,Petrol
743,Tata Tiago Revotron,Tata,2017,400000,31000,Petrol
744,Maruti Suzuki Swift,Maruti,2009,92000,90000,Diesel
745,Maruti Suzuki Swift,Maruti,2009,120000,90000,Diesel
746,Tata Indigo eCS,Tata,2016,130000,150000,Diesel
747,Chevrolet Beat LS,Chevrolet,2014,189000,31000,Diesel
748,Mahindra Xylo E8,Mahindra,2011,365000,43000,Diesel
749,Hyundai Eon D,Hyundai,2013,170000,20000,Petrol
750,Tata Sumo Gold,Tata,2013,215000,100000,Petrol
751,Tata Nano,Tata,2013,60000,7000,Petrol
752,Hyundai Elite i20,Hyundai,2017,350000,31000,Petrol
753,Hyundai i10 Magna,Hyundai,2009,189999,33000,Petrol
754,Hyundai Creta,Hyundai,2016,570000,60000,Diesel
755,Volkswagen Polo,Volkswagen,2013,325000,48000,Diesel
756,Maruti Suzuki Dzire,Maruti,2014,330000,33000,Petrol
757,Tata Bolt XM,Tata,2015,512000,15000,Petrol
758,Maruti Suzuki Alto,Maruti,2005,70000,47000,Petrol
759,Maruti Suzuki Alto,Maruti,2005,100000,40000,Petrol
760,Maruti Suzuki Ritz,Maruti,2010,150000,38000,Diesel
761,Maruti Suzuki Alto,Maruti,2017,225000,12500,Petrol
762,Maruti Suzuki Dzire,Maruti,2009,210000,42000,Petrol
763,Hyundai i20 Asta,Hyundai,2014,269999,31000,Petrol
764,Maruti Suzuki Swift,Maruti,2008,162000,60000,Diesel
765,Tata Indica V2,Tata,2005,60000,80000,Diesel
766,Mahindra Scorpio VLX,Mahindra,2014,510000,77000,Diesel
767,Toyota Innova 2.5,Toyota,2012,299999,75000,Diesel
768,Mahindra Xylo E8,Mahindra,2010,310500,40000,Diesel
769,Hyundai i20 Magna,Hyundai,2011,230000,47000,Petrol
770,Maruti Suzuki Omni,Maruti,2000,35999,60000,Petrol
771,Mahindra KUV100,Mahindra,2016,380000,26500,Petrol
772,Mahindra KUV100 K8,Mahindra,2019,560000,2875,Petrol
773,Datsun Go Plus,Datsun,2016,285000,13900,Petrol
774,Ford Endeavor 4x4,Ford,2019,2900000,9000,Diesel
775,Tata Indica V2,Tata,2005,39999,80000,Diesel
776,Hyundai Santro Xing,Hyundai,2006,85000,60000,Petrol
777,Maruti Suzuki Wagon,Maruti,2016,355555,20000,Petrol
778,Maruti Suzuki Swift,Maruti,2008,175000,58000,Diesel
779,Maruti Suzuki Alto,Maruti,2019,380000,1500,Petrol
780,Toyota Innova 2.5,Toyota,2011,270000,75000,Diesel
781,Maruti Suzuki Alto,Maruti,2016,250000,2450,Petrol
782,Maruti Suzuki Alto,Maruti,2019,260000,1625,Petrol
783,Volkswagen Polo Highline1.2L,Volkswagen,2017,525000,45000,Petrol
784,Mahindra Logan,Mahindra,2009,130000,65000,Diesel
785,Maruti Suzuki 800,Maruti,2000,30000,33400,Petrol
786,Mahindra Scorpio,Mahindra,2011,230000,60123,Diesel
787,Chevrolet Sail 1.2,Chevrolet,2013,300000,28000,Petrol
788,Hyundai Santro AE,Hyundai,2003,60000,70000,Petrol
789,Maruti Suzuki Wagon,Maruti,2006,100000,7000,Petrol
790,Hyundai Eon,Hyundai,2018,260000,25000,Petrol
791,Tata Manza,Tata,2015,100000,100000,Diesel
792,Toyota Etios G,Toyota,2013,265000,42000,Petrol
793,Hyundai Getz Prime,Hyundai,2009,115000,20000,Petrol
794,Toyota Qualis,Toyota,2003,180000,100000,Diesel
795,Hyundai Santro Xing,Hyundai,2004,45000,137495,Petrol
796,Tata Indica eV2,Tata,2016,50500,91200,Diesel
797,Honda City 1.5,Honda,2009,270000,55000,Petrol
798,Tata Zest XE,Tata,2017,290000,120000,Diesel
799,Mahindra Quanto C4,Mahindra,2013,325000,63000,Diesel
800,Tata Indigo eCS,Tata,2016,160000,104000,Diesel
801,Maruti Suzuki Swift,Maruti,2016,350000,146000,Diesel
802,Hyundai Elite i20,Hyundai,2011,290000,40000,Petrol
803,Hyundai i20 Select,Hyundai,2011,290000,40000,Petrol
804,Chevrolet Tavera Neo,Chevrolet,2007,200000,100800,Diesel
805,Maruti Suzuki Dzire,Maruti,2016,325000,150000,Diesel
806,Hyundai Elite i20,Hyundai,2018,510000,2100,Petrol
807,Honda City VX,Honda,2016,600000,95000,Petrol
808,Maruti Suzuki Dzire,Maruti,2016,360000,2500,Diesel
809,Hyundai Getz,Hyundai,2006,125000,80000,Petrol
810,Mercedes Benz C,Mercedes,2006,500001,15000,Petrol
811,Maruti Suzuki Alto,Maruti,2005,95000,65000,Petrol
812,Maruti Suzuki Swift,Maruti,2009,190000,51000,Diesel
813,Skoda Fabia,Skoda,2009,110000,45000,Petrol
814,Maruti Suzuki Ritz,Maruti,2011,170000,50000,Petrol
815,Tata Indica V2,Tata,2009,110000,30000,Diesel
816,Toyota Corolla Altis,Toyota,2009,300000,132000,Petrol
817,Tata Zest XM,Tata,2018,260000,27000,Diesel
818,Mahindra Quanto C8,Mahindra,2013,390000,40000,Diesel
